{"trees":[{"x":75,"y":600,"w":75,"h":100},{"x":150,"y":600,"w":75,"h":100},{"x":525,"y":600,"w":75,"h":100},{"x":600,"y":600,"w":75,"h":100},{"x":675,"y":600,"w":75,"h":100},{"x":750,"y":600,"w":75,"h":100},{"x":750,"y":700,"w":75,"h":100},{"x":675,"y":700,"w":75,"h":100},{"x":675,"y":1000,"w":75,"h":100},{"x":675,"y":1100,"w":75,"h":100},{"x":750,"y":1100,"w":75,"h":100},{"x":750,"y":1000,"w":75,"h":100},{"x":600,"y":1100,"w":75,"h":100},{"x":525,"y":1100,"w":75,"h":100},{"x":150,"y":1100,"w":75,"h":100},{"x":75,"y":1100,"w":75,"h":100},{"x":0,"y":1100,"w":75,"h":100},{"x":0,"y":1000,"w":75,"h":100},{"x":0,"y":900,"w":75,"h":100},{"x":0,"y":800,"w":75,"h":100},{"x":0,"y":700,"w":75,"h":100},{"x":825,"y":1100,"w":75,"h":100},{"x":900,"y":1100,"w":75,"h":100},{"x":975,"y":1100,"w":75,"h":100},{"x":1050,"y":1100,"w":75,"h":100},{"x":1125,"y":1100,"w":75,"h":100},{"x":1200,"y":1100,"w":75,"h":100},{"x":1275,"y":1100,"w":75,"h":100},{"x":1350,"y":1100,"w":75,"h":100},{"x":1425,"y":1100,"w":75,"h":100},{"x":1500,"y":1100,"w":75,"h":100},{"x":1575,"y":1100,"w":75,"h":100},{"x":1500,"y":1000,"w":75,"h":100},{"x":1575,"y":1000,"w":75,"h":100},{"x":1575,"y":900,"w":75,"h":100},{"x":1575,"y":800,"w":75,"h":100},{"x":1575,"y":700,"w":75,"h":100},{"x":1575,"y":600,"w":75,"h":100},{"x":1500,"y":600,"w":75,"h":100},{"x":1425,"y":600,"w":75,"h":100},{"x":1350,"y":600,"w":75,"h":100},{"x":1275,"y":600,"w":75,"h":100},{"x":975,"y":600,"w":75,"h":100},{"x":900,"y":600,"w":75,"h":100},{"x":900,"y":0,"w":75,"h":100},{"x":975,"y":0,"w":75,"h":100},{"x":1050,"y":0,"w":75,"h":100},{"x":1200,"y":0,"w":75,"h":100},{"x":1350,"y":0,"w":75,"h":100},{"x":1425,"y":0,"w":75,"h":100},{"x":1500,"y":0,"w":75,"h":100},{"x":1500,"y":100,"w":75,"h":100},{"x":1500,"y":200,"w":75,"h":100},{"x":1500,"y":300,"w":75,"h":100},{"x":1500,"y":400,"w":75,"h":100},{"x":1500,"y":500,"w":75,"h":100},{"x":1425,"y":500,"w":75,"h":100},{"x":1350,"y":500,"w":75,"h":100},{"x":1275,"y":500,"w":75,"h":100},{"x":975,"y":500,"w":75,"h":100},{"x":900,"y":500,"w":75,"h":100},{"x":825,"y":500,"w":75,"h":100},{"x":750,"y":500,"w":75,"h":100},{"x":750,"y":400,"w":75,"h":100},{"x":750,"y":100,"w":75,"h":100},{"x":750,"y":0,"w":75,"h":100},{"x":525,"y":700,"w":75,"h":100},{"x":525,"y":1000,"w":75,"h":100},{"x":1275,"y":800,"w":75,"h":100},{"x":1275,"y":900,"w":75,"h":100},{"x":1125,"y":0,"w":75,"h":100},{"x":1275,"y":0,"w":75,"h":100},{"x":675,"y":500,"w":75,"h":100},{"x":600,"y":500,"w":75,"h":100},{"x":525,"y":500,"w":75,"h":100},{"x":150,"y":500,"w":75,"h":100},{"x":75,"y":500,"w":75,"h":100},{"x":0,"y":500,"w":75,"h":100},{"x":0,"y":400,"w":75,"h":100},{"x":0,"y":300,"w":75,"h":100},{"x":0,"y":200,"w":75,"h":100},{"x":0,"y":100,"w":75,"h":100},{"x":75,"y":0,"w":75,"h":100},{"x":150,"y":0,"w":75,"h":100},{"x":225,"y":0,"w":75,"h":100},{"x":375,"y":0,"w":75,"h":100},{"x":450,"y":0,"w":75,"h":100},{"x":525,"y":0,"w":75,"h":100},{"x":600,"y":0,"w":75,"h":100},{"x":675,"y":0,"w":75,"h":100},{"x":300,"y":0,"w":75,"h":100},{"x":0,"y":0,"w":75,"h":100},{"x":300,"y":200,"w":75,"h":100},{"x":375,"y":200,"w":75,"h":100},{"x":375,"y":300,"w":75,"h":100},{"x":300,"y":300,"w":75,"h":100},{"x":1575,"y":500,"w":75,"h":100},{"x":1575,"y":400,"w":75,"h":100},{"x":1575,"y":300,"w":75,"h":100},{"x":1575,"y":200,"w":75,"h":100},{"x":1575,"y":100,"w":75,"h":100},{"x":1575,"y":0,"w":75,"h":100},{"x":1125,"y":200,"w":75,"h":100},{"x":1200,"y":200,"w":75,"h":100},{"x":1275,"y":200,"w":75,"h":100},{"x":1200,"y":300,"w":75,"h":100},{"x":1125,"y":300,"w":75,"h":100},{"x":1275,"y":300,"w":75,"h":100},{"x":0,"y":600,"w":75,"h":100},{"x":150,"y":800,"w":75,"h":100},{"x":150,"y":900,"w":75,"h":100},{"x":600,"y":1000,"w":75,"h":100},{"x":600,"y":700,"w":75,"h":100},{"x":75,"y":1200,"w":75,"h":100},{"x":0,"y":1200,"w":75,"h":100},{"x":150,"y":1200,"w":75,"h":100},{"x":600,"y":1200,"w":75,"h":100},{"x":675,"y":1200,"w":75,"h":100},{"x":750,"y":1200,"w":75,"h":100},{"x":750,"y":1300,"w":75,"h":100},{"x":750,"y":1400,"w":75,"h":100},{"x":750,"y":1600,"w":75,"h":100},{"x":750,"y":1500,"w":75,"h":100},{"x":750,"y":1700,"w":75,"h":100},{"x":675,"y":1700,"w":75,"h":100},{"x":600,"y":1700,"w":75,"h":100},{"x":450,"y":1600,"w":75,"h":100},{"x":525,"y":1700,"w":75,"h":100},{"x":450,"y":1700,"w":75,"h":100},{"x":375,"y":1700,"w":75,"h":100},{"x":300,"y":1700,"w":75,"h":100},{"x":225,"y":1700,"w":75,"h":100},{"x":150,"y":1700,"w":75,"h":100},{"x":75,"y":1700,"w":75,"h":100},{"x":0,"y":1700,"w":75,"h":100},{"x":0,"y":1600,"w":75,"h":100},{"x":0,"y":1500,"w":75,"h":100},{"x":0,"y":1400,"w":75,"h":100},{"x":0,"y":1300,"w":75,"h":100},{"x":300,"y":1400,"w":75,"h":100},{"x":375,"y":1400,"w":75,"h":100},{"x":450,"y":1400,"w":75,"h":100},{"x":825,"y":600,"w":75,"h":100},{"x":825,"y":0,"w":75,"h":100}],"chests":[{"Sprite":"Chest","x":600,"y":200,"w":71,"h":72},{"Sprite":"Chest","x":600,"y":300,"w":71,"h":72},{"Sprite":"Chest","x":1425,"y":400,"w":71,"h":72},{"Sprite":"Chest","x":1350,"y":100,"w":71,"h":72},{"Sprite":"Chest","x":1350,"y":200,"w":71,"h":72},{"Sprite":"Chest","x":900,"y":800,"w":71,"h":72},{"Sprite":"Chest","x":1125,"y":1000,"w":71,"h":72},{"Sprite":"Chest","x":1425,"y":800,"w":71,"h":72},{"Sprite":"Chest","x":150,"y":700,"w":71,"h":72},{"Sprite":"Chest","x":150,"y":1000,"w":71,"h":72},{"Sprite":"Chest","x":150,"y":1500,"w":71,"h":72},{"Sprite":"Chest","x":375,"y":1500,"w":71,"h":72},{"Sprite":"Chest","x":600,"y":1500,"w":71,"h":72}]}